Name,url
9mm Ram-Paige,https://resources.wftda.org/officiating/roller-derby-certification-program-for-officials/roster-of-certified-officials/name/9mm-ram-paige/
A. Grue,https://resources.wftda.org/officiating/roller-derby-certification-program-for-officials/roster-of-certified-officials/name/a-grue/
A’Blazing Grace,https://resources.wftda.org/officiating/roller-derby-certification-program-for-officials/roster-of-certified-officials/name/ablazing-grace/
Adam Smasher,https://resources.wftda.org/officiating/roller-derby-certification-program-for-officials/roster-of-certified-officials/name/adam-smasher/
Adam Splitter,https://resources.wftda.org/officiating/roller-derby-certification-program-for-officials/roster-of-certified-officials/name/adam-splitter/
Admiral Mayhem,https://resources.wftda.org/officiating/roller-derby-certification-program-for-officials/roster-of-certified-officials/name/admiral-mayhem/
Aggie Battery,https://resources.wftda.org/officiating/roller-derby-certification-program-for-officials/roster-of-certified-officials/name/aggie-battery/
Alan Smith,https://resources.wftda.org/officiating/roller-derby-certification-program-for-officials/roster-of-certified-officials/name/alan-smith/
Albus DumbleRoll,https://resources.wftda.org/officiating/roller-derby-certification-program-for-officials/roster-of-certified-officials/name/albus-dumbleroll/
Alf A Wolf,https://resources.wftda.org/officiating/roller-derby-certification-program-for-officials/roster-of-certified-officials/name/alf-a-wolf/
Alicia Teaze,https://resources.wftda.org/officiating/roller-derby-certification-program-for-officials/roster-of-certified-officials/name/alicia-teaze/
Allyn Ur Grill,https://resources.wftda.org/officiating/roller-derby-certification-program-for-officials/roster-of-certified-officials/name/allyn-ur-grill/
Alotta Amazon,https://resources.wftda.org/officiating/roller-derby-certification-program-for-officials/roster-of-certified-officials/name/alotta-amazon/
Alyen,https://resources.wftda.org/officiating/roller-derby-certification-program-for-officials/roster-of-certified-officials/name/alyen/
Amy Feral Fouler,https://resources.wftda.org/officiating/roller-derby-certification-program-for-officials/roster-of-certified-officials/name/amy-feral-fouler/
Andy Oakley,https://resources.wftda.org/officiating/roller-derby-certification-program-for-officials/roster-of-certified-officials/name/andy-oakley/
Andy Slamberg,https://resources.wftda.org/officiating/roller-derby-certification-program-for-officials/roster-of-certified-officials/name/andy-slamberg/
Anekin,https://resources.wftda.org/officiating/roller-derby-certification-program-for-officials/roster-of-certified-officials/name/anekin/
Anthony Curtier,https://resources.wftda.org/officiating/roller-derby-certification-program-for-officials/roster-of-certified-officials/name/anthony-curtier/
Apron,https://resources.wftda.org/officiating/roller-derby-certification-program-for-officials/roster-of-certified-officials/name/apron/
Artimus Pyledriver,https://resources.wftda.org/officiating/roller-derby-certification-program-for-officials/roster-of-certified-officials/name/artimus-pyledriver/
ATG,https://resources.wftda.org/officiating/roller-derby-certification-program-for-officials/roster-of-certified-officials/name/atg/
Atomic Whistle,https://resources.wftda.org/officiating/roller-derby-certification-program-for-officials/roster-of-certified-officials/name/atomic-whistle/
Attorney Jenneral,https://resources.wftda.org/officiating/roller-derby-certification-program-for-officials/roster-of-certified-officials/name/attorney-jenneral/
Average Joe,https://resources.wftda.org/officiating/roller-derby-certification-program-for-officials/roster-of-certified-officials/name/average-joe/
Aye KiltR,https://resources.wftda.org/officiating/roller-derby-certification-program-for-officials/roster-of-certified-officials/name/aye-kiltr/
Bacon Ate Her,https://resources.wftda.org/officiating/roller-derby-certification-program-for-officials/roster-of-certified-officials/name/bacon-ate-her/
Badcallz,https://resources.wftda.org/officiating/roller-derby-certification-program-for-officials/roster-of-certified-officials/name/badcallz/
Bambi Lance,https://resources.wftda.org/officiating/roller-derby-certification-program-for-officials/roster-of-certified-officials/name/bambi-lance/
Bambi ThumpHer,https://resources.wftda.org/officiating/roller-derby-certification-program-for-officials/roster-of-certified-officials/name/bambi-thumpher/
Basil Brush-Off,https://resources.wftda.org/officiating/roller-derby-certification-program-for-officials/roster-of-certified-officials/name/basil-brush-off/
Bass Invader,https://resources.wftda.org/officiating/roller-derby-certification-program-for-officials/roster-of-certified-officials/name/bass-invader/
Batmags,https://resources.wftda.org/officiating/roller-derby-certification-program-for-officials/roster-of-certified-officials/name/batmags/
Baws Kitty,https://resources.wftda.org/officiating/roller-derby-certification-program-for-officials/roster-of-certified-officials/name/baws-kitty/
Bay-O-Net,https://resources.wftda.org/officiating/roller-derby-certification-program-for-officials/roster-of-certified-officials/name/bay-o-net/
Ben Wa,https://resources.wftda.org/officiating/roller-derby-certification-program-for-officials/roster-of-certified-officials/name/ben-wa/
Bert Hert,https://resources.wftda.org/officiating/roller-derby-certification-program-for-officials/roster-of-certified-officials/name/bert-hert/
Bettie Mercury,https://resources.wftda.org/officiating/roller-derby-certification-program-for-officials/roster-of-certified-officials/name/bettie-mercury/
BFG,https://resources.wftda.org/officiating/roller-derby-certification-program-for-officials/roster-of-certified-officials/name/bfg/
Bibbity Bobbity Boom,https://resources.wftda.org/officiating/roller-derby-certification-program-for-officials/roster-of-certified-officials/name/bibbity-bobbity-boom/
Bibim Bop-ya,https://resources.wftda.org/officiating/roller-derby-certification-program-for-officials/roster-of-certified-officials/name/bibim-bop-ya/
Big Brad Wolf,https://resources.wftda.org/officiating/roller-derby-certification-program-for-officials/roster-of-certified-officials/name/big-brad-wolf/
Big Red,https://resources.wftda.org/officiating/roller-derby-certification-program-for-officials/roster-of-certified-officials/name/big-red/
Big Whoop!,https://resources.wftda.org/officiating/roller-derby-certification-program-for-officials/roster-of-certified-officials/name/big-whoop/
Bio Bombshell,https://resources.wftda.org/officiating/roller-derby-certification-program-for-officials/roster-of-certified-officials/name/bio-bombshell/
Bionic Bitch,https://resources.wftda.org/officiating/roller-derby-certification-program-for-officials/roster-of-certified-officials/name/bionic-bitch/
BiPola Lola,https://resources.wftda.org/officiating/roller-derby-certification-program-for-officials/roster-of-certified-officials/name/bipola-lola/
Bitch,https://resources.wftda.org/officiating/roller-derby-certification-program-for-officials/roster-of-certified-officials/name/princess-bitch-1/
Blind Io,https://resources.wftda.org/officiating/roller-derby-certification-program-for-officials/roster-of-certified-officials/name/blind-io/
Bluebeard,https://resources.wftda.org/officiating/roller-derby-certification-program-for-officials/roster-of-certified-officials/name/bluebeard/
bmd 2113,https://resources.wftda.org/officiating/roller-derby-certification-program-for-officials/roster-of-certified-officials/name/bmd-2113/
Bobus Maximus,https://resources.wftda.org/officiating/roller-derby-certification-program-for-officials/roster-of-certified-officials/name/bobus-maximus/
Bola Constricther,https://resources.wftda.org/officiating/roller-derby-certification-program-for-officials/roster-of-certified-officials/name/bola-constricther/
Booty Mark,https://resources.wftda.org/officiating/roller-derby-certification-program-for-officials/roster-of-certified-officials/name/booty-mark/
Boulder Over,https://resources.wftda.org/officiating/roller-derby-certification-program-for-officials/roster-of-certified-officials/name/boulder-over/
Bouncing Bite-Her,https://resources.wftda.org/officiating/roller-derby-certification-program-for-officials/roster-of-certified-officials/name/bouncing-bite-her/
Bouncing Bite-Her,https://resources.wftda.org/officiating/roller-derby-certification-program-for-officials/roster-of-certified-officials/name/bouncing-bite-her-1/
Brattysoreass Wrecks,https://resources.wftda.org/officiating/roller-derby-certification-program-for-officials/roster-of-certified-officials/name/brattysoreass-wrecks/
Bruise Almighty,https://resources.wftda.org/officiating/roller-derby-certification-program-for-officials/roster-of-certified-officials/name/bruise-almighty/
Bubbles DeSmeare,https://resources.wftda.org/officiating/roller-derby-certification-program-for-officials/roster-of-certified-officials/name/bubbles-desmeare/
Bullseye,https://resources.wftda.org/officiating/roller-derby-certification-program-for-officials/roster-of-certified-officials/name/bullseye/
Bumble Beer,https://resources.wftda.org/officiating/roller-derby-certification-program-for-officials/roster-of-certified-officials/name/bumble-beer/
Cap’n CrunchBerry,https://resources.wftda.org/officiating/roller-derby-certification-program-for-officials/roster-of-certified-officials/name/capn-crunchberry/
Cap’n Jack SpareHer,https://resources.wftda.org/officiating/roller-derby-certification-program-for-officials/roster-of-certified-officials/name/capn-jack-spareher/
Captain Robvious,https://resources.wftda.org/officiating/roller-derby-certification-program-for-officials/roster-of-certified-officials/name/captain-robvious/
Carmen Dragon,https://resources.wftda.org/officiating/roller-derby-certification-program-for-officials/roster-of-certified-officials/name/carmen-dragon/
Castor Fiber,https://resources.wftda.org/officiating/roller-derby-certification-program-for-officials/roster-of-certified-officials/name/castor-fiber/
Catastrophe,https://resources.wftda.org/officiating/roller-derby-certification-program-for-officials/roster-of-certified-officials/name/catastrophe/
Chad Holderfield,https://resources.wftda.org/officiating/roller-derby-certification-program-for-officials/roster-of-certified-officials/name/chad-holderfield/
Chanel No Die,https://resources.wftda.org/officiating/roller-derby-certification-program-for-officials/roster-of-certified-officials/name/chanel-no-die/
Cheshire Stat,https://resources.wftda.org/officiating/roller-derby-certification-program-for-officials/roster-of-certified-officials/name/cheshire-stat/
Chiro-Fracture,https://resources.wftda.org/officiating/roller-derby-certification-program-for-officials/roster-of-certified-officials/name/chiro-fracture/
Chopsaw,https://resources.wftda.org/officiating/roller-derby-certification-program-for-officials/roster-of-certified-officials/name/chopsaw/
Chris Brace,https://resources.wftda.org/officiating/roller-derby-certification-program-for-officials/roster-of-certified-officials/name/chris-brace/
Chris Durrant,https://resources.wftda.org/officiating/roller-derby-certification-program-for-officials/roster-of-certified-officials/name/chris-durrant/
Chuck Morris,https://resources.wftda.org/officiating/roller-derby-certification-program-for-officials/roster-of-certified-officials/name/chuck-morris/
Chunk Rock Girl,https://resources.wftda.org/officiating/roller-derby-certification-program-for-officials/roster-of-certified-officials/name/chunk-rock-girl/
Class Warfarin,https://resources.wftda.org/officiating/roller-derby-certification-program-for-officials/roster-of-certified-officials/name/class-warfarin/
CleoSmackYa Jones,https://resources.wftda.org/officiating/roller-derby-certification-program-for-officials/roster-of-certified-officials/name/cleosmackya-jones/
Cleveland,https://resources.wftda.org/officiating/roller-derby-certification-program-for-officials/roster-of-certified-officials/name/cleveland/
Coca Col’Ass,https://resources.wftda.org/officiating/roller-derby-certification-program-for-officials/roster-of-certified-officials/name/coca-colass/
Colin M Fairly,https://resources.wftda.org/officiating/roller-derby-certification-program-for-officials/roster-of-certified-officials/name/colin-m-fairly/
Connie,https://resources.wftda.org/officiating/roller-derby-certification-program-for-officials/roster-of-certified-officials/name/connie/
Corporal Chaos,https://resources.wftda.org/officiating/roller-derby-certification-program-for-officials/roster-of-certified-officials/name/corporal-chaos/
Corpseman Up,https://resources.wftda.org/officiating/roller-derby-certification-program-for-officials/roster-of-certified-officials/name/corpseman-up/
Cortamambo,https://resources.wftda.org/officiating/roller-derby-certification-program-for-officials/roster-of-certified-officials/name/cortamambo/
Crash BandiOops,https://resources.wftda.org/officiating/roller-derby-certification-program-for-officials/roster-of-certified-officials/name/belle-amitri/
Crushendo,https://resources.wftda.org/officiating/roller-derby-certification-program-for-officials/roster-of-certified-officials/name/crushendo/
Dairy Heir,https://resources.wftda.org/officiating/roller-derby-certification-program-for-officials/roster-of-certified-officials/name/dairy-heir/
Daisy Pain,https://resources.wftda.org/officiating/roller-derby-certification-program-for-officials/roster-of-certified-officials/name/daisy-pain/
Dame Grenade,https://resources.wftda.org/officiating/roller-derby-certification-program-for-officials/roster-of-certified-officials/name/dame-grenade/
Danger Muffin,https://resources.wftda.org/officiating/roller-derby-certification-program-for-officials/roster-of-certified-officials/name/danger-muffin/
Dark Matter,https://resources.wftda.org/officiating/roller-derby-certification-program-for-officials/roster-of-certified-officials/name/dark-matter/
Darth Bling,https://resources.wftda.org/officiating/roller-derby-certification-program-for-officials/roster-of-certified-officials/name/darth-bling/
Darth Thader,https://resources.wftda.org/officiating/roller-derby-certification-program-for-officials/roster-of-certified-officials/name/darth-thader/
Dax Ex Machina,https://resources.wftda.org/officiating/roller-derby-certification-program-for-officials/roster-of-certified-officials/name/dax-ex-machina/
Denial,https://resources.wftda.org/officiating/roller-derby-certification-program-for-officials/roster-of-certified-officials/name/denial/
Denominator,https://resources.wftda.org/officiating/roller-derby-certification-program-for-officials/roster-of-certified-officials/name/denominator/
Der Koenich,https://resources.wftda.org/officiating/roller-derby-certification-program-for-officials/roster-of-certified-officials/name/der-koenich/
Destruction,https://resources.wftda.org/officiating/roller-derby-certification-program-for-officials/roster-of-certified-officials/name/destruction/
Dewey Decks’emall,https://resources.wftda.org/officiating/roller-derby-certification-program-for-officials/roster-of-certified-officials/name/dewey-decksemall/
dharma doll,https://resources.wftda.org/officiating/roller-derby-certification-program-for-officials/roster-of-certified-officials/name/dharma-doll/
Diamond Tiara,https://resources.wftda.org/officiating/roller-derby-certification-program-for-officials/roster-of-certified-officials/name/diamond-tiara/
Dick Magoo,https://resources.wftda.org/officiating/roller-derby-certification-program-for-officials/roster-of-certified-officials/name/dick-magoo/
Dickie,https://resources.wftda.org/officiating/roller-derby-certification-program-for-officials/roster-of-certified-officials/name/dickie/
Dilli Gaf,https://resources.wftda.org/officiating/roller-derby-certification-program-for-officials/roster-of-certified-officials/name/dilli-gaf/
DILLIGAF,https://resources.wftda.org/officiating/roller-derby-certification-program-for-officials/roster-of-certified-officials/name/dilligaf/
Dire Wolff,https://resources.wftda.org/officiating/roller-derby-certification-program-for-officials/roster-of-certified-officials/name/dire-wolff/
Dirk Shearer,https://resources.wftda.org/officiating/roller-derby-certification-program-for-officials/roster-of-certified-officials/name/dirk-shearer/
Dis’nTerry,https://resources.wftda.org/officiating/roller-derby-certification-program-for-officials/roster-of-certified-officials/name/disnterry/
Disco’Da Box,https://resources.wftda.org/officiating/roller-derby-certification-program-for-officials/roster-of-certified-officials/name/discoda-box/
Divide by Zero,https://resources.wftda.org/officiating/roller-derby-certification-program-for-officials/roster-of-certified-officials/name/divide-by-zero/
Divide By Zero,https://resources.wftda.org/officiating/roller-derby-certification-program-for-officials/roster-of-certified-officials/name/divide-by-zero-1/
Doc Psycho,https://resources.wftda.org/officiating/roller-derby-certification-program-for-officials/roster-of-certified-officials/name/doc-psycho/
Doc Skinner,https://resources.wftda.org/officiating/roller-derby-certification-program-for-officials/roster-of-certified-officials/name/doc-skinner/
Doctor What,https://resources.wftda.org/officiating/roller-derby-certification-program-for-officials/roster-of-certified-officials/name/doctor-what/
Dodger Whistle,https://resources.wftda.org/officiating/roller-derby-certification-program-for-officials/roster-of-certified-officials/name/dodger-whistle/
Doesn’t Matt-er,https://resources.wftda.org/officiating/roller-derby-certification-program-for-officials/roster-of-certified-officials/name/doesnt-matt-er/
Dolan-It Out,https://resources.wftda.org/officiating/roller-derby-certification-program-for-officials/roster-of-certified-officials/name/dolan-it-out/
Don Scoreleone,https://resources.wftda.org/officiating/roller-derby-certification-program-for-officials/roster-of-certified-officials/name/don-scoreleone/
Donna Khebab,https://resources.wftda.org/officiating/roller-derby-certification-program-for-officials/roster-of-certified-officials/name/donna-khebab/
Dr Math,https://resources.wftda.org/officiating/roller-derby-certification-program-for-officials/roster-of-certified-officials/name/dr-math/
Dr. Beverly CrushHer,https://resources.wftda.org/officiating/roller-derby-certification-program-for-officials/roster-of-certified-officials/name/dr-beverly-crushher/
Dragon Harass,https://resources.wftda.org/officiating/roller-derby-certification-program-for-officials/roster-of-certified-officials/name/dragon-harass/
Dread Hochuli,https://resources.wftda.org/officiating/roller-derby-certification-program-for-officials/roster-of-certified-officials/name/dread-hochuli/
DREAD VADER,https://resources.wftda.org/officiating/roller-derby-certification-program-for-officials/roster-of-certified-officials/name/dread-vader/
Dreadlocked N. Loaded,https://resources.wftda.org/officiating/roller-derby-certification-program-for-officials/roster-of-certified-officials/name/dreadlocked-n-loaded/
Drop Dead Gorgon,https://resources.wftda.org/officiating/roller-derby-certification-program-for-officials/roster-of-certified-officials/name/drop-dead-gorgon/
Duke Skellington,https://resources.wftda.org/officiating/roller-derby-certification-program-for-officials/roster-of-certified-officials/name/duke-skellington/
Duncan Disorderly,https://resources.wftda.org/officiating/roller-derby-certification-program-for-officials/roster-of-certified-officials/name/duncan-disorderly/
Dylan,https://resources.wftda.org/officiating/roller-derby-certification-program-for-officials/roster-of-certified-officials/name/dylan/
Ed Park,https://resources.wftda.org/officiating/roller-derby-certification-program-for-officials/roster-of-certified-officials/name/ed-park/
Eddie Whizzard,https://resources.wftda.org/officiating/roller-derby-certification-program-for-officials/roster-of-certified-officials/name/eddie-whizzard/
Effin Ref,https://resources.wftda.org/officiating/roller-derby-certification-program-for-officials/roster-of-certified-officials/name/effin-ref/
Eggs Bene-Decked,https://resources.wftda.org/officiating/roller-derby-certification-program-for-officials/roster-of-certified-officials/name/eggs-bene-decked/
el Pea,https://resources.wftda.org/officiating/roller-derby-certification-program-for-officials/roster-of-certified-officials/name/el-pea/
Ella Noise,https://resources.wftda.org/officiating/roller-derby-certification-program-for-officials/roster-of-certified-officials/name/ella-noise/
EllieMental,https://resources.wftda.org/officiating/roller-derby-certification-program-for-officials/roster-of-certified-officials/name/elliemental/
Emily of the State,https://resources.wftda.org/officiating/roller-derby-certification-program-for-officials/roster-of-certified-officials/name/emily-of-the-state/
Emsie Squared,https://resources.wftda.org/officiating/roller-derby-certification-program-for-officials/roster-of-certified-officials/name/emsie-squared/
Ender’s Game,https://resources.wftda.org/officiating/roller-derby-certification-program-for-officials/roster-of-certified-officials/name/enders-game/
Epic Phil,https://resources.wftda.org/officiating/roller-derby-certification-program-for-officials/roster-of-certified-officials/name/epic-phil/
Erma Gerd,https://resources.wftda.org/officiating/roller-derby-certification-program-for-officials/roster-of-certified-officials/name/erma-gerd/
Esa Pajari,https://resources.wftda.org/officiating/roller-derby-certification-program-for-officials/roster-of-certified-officials/name/esa-pajari/
Eve Elle,https://resources.wftda.org/officiating/roller-derby-certification-program-for-officials/roster-of-certified-officials/name/eve-elle/
Evie Duzzit,https://resources.wftda.org/officiating/roller-derby-certification-program-for-officials/roster-of-certified-officials/name/evie-duzzit/
Eye Scream,https://resources.wftda.org/officiating/roller-derby-certification-program-for-officials/roster-of-certified-officials/name/eye-scream/
Fantasmic,https://resources.wftda.org/officiating/roller-derby-certification-program-for-officials/roster-of-certified-officials/name/fantasmic/
Fantasnic,https://resources.wftda.org/officiating/roller-derby-certification-program-for-officials/roster-of-certified-officials/name/fantasnic/
Feisty,https://resources.wftda.org/officiating/roller-derby-certification-program-for-officials/roster-of-certified-officials/name/feisty/
Feminist Killjoy,https://resources.wftda.org/officiating/roller-derby-certification-program-for-officials/roster-of-certified-officials/name/feminist-killjoy/
Femme Brulee,https://resources.wftda.org/officiating/roller-derby-certification-program-for-officials/roster-of-certified-officials/name/femme-brulee/
Fester,https://resources.wftda.org/officiating/roller-derby-certification-program-for-officials/roster-of-certified-officials/name/fester/
Fibonacco,https://resources.wftda.org/officiating/roller-derby-certification-program-for-officials/roster-of-certified-officials/name/fibonacco/
Fickle Bitch,https://resources.wftda.org/officiating/roller-derby-certification-program-for-officials/roster-of-certified-officials/name/fickle-bitch/
Fliptop,https://resources.wftda.org/officiating/roller-derby-certification-program-for-officials/roster-of-certified-officials/name/fliptop/
FloBlock,https://resources.wftda.org/officiating/roller-derby-certification-program-for-officials/roster-of-certified-officials/name/floblock/
Flourish,https://resources.wftda.org/officiating/roller-derby-certification-program-for-officials/roster-of-certified-officials/name/flourish-blocks/
FN Zebra,https://resources.wftda.org/officiating/roller-derby-certification-program-for-officials/roster-of-certified-officials/name/fn-zebra/
Frank N Hurter,https://resources.wftda.org/officiating/roller-derby-certification-program-for-officials/roster-of-certified-officials/name/frank-n-hurter/
Freddy Mercury Poisoning,https://resources.wftda.org/officiating/roller-derby-certification-program-for-officials/roster-of-certified-officials/name/freddy-mercury-poisoning/
Frit0,https://resources.wftda.org/officiating/roller-derby-certification-program-for-officials/roster-of-certified-officials/name/frit0/
Galvatron,https://resources.wftda.org/officiating/roller-derby-certification-program-for-officials/roster-of-certified-officials/name/galvatron/
Gattito,https://resources.wftda.org/officiating/roller-derby-certification-program-for-officials/roster-of-certified-officials/name/gattito/
Gemma,https://resources.wftda.org/officiating/roller-derby-certification-program-for-officials/roster-of-certified-officials/name/gemma/
Gene Knockout,https://resources.wftda.org/officiating/roller-derby-certification-program-for-officials/roster-of-certified-officials/name/gene-knockout/
General Hellativity,https://resources.wftda.org/officiating/roller-derby-certification-program-for-officials/roster-of-certified-officials/name/general-hellativity/
Genetic,https://resources.wftda.org/officiating/roller-derby-certification-program-for-officials/roster-of-certified-officials/name/genetic-disorder/
GeogREFher,https://resources.wftda.org/officiating/roller-derby-certification-program-for-officials/roster-of-certified-officials/name/geogrefher/
geoknitter,https://resources.wftda.org/officiating/roller-derby-certification-program-for-officials/roster-of-certified-officials/name/geoknitter/
Gia Culpa,https://resources.wftda.org/officiating/roller-derby-certification-program-for-officials/roster-of-certified-officials/name/gia-culpa/
Gixx-Her,https://resources.wftda.org/officiating/roller-derby-certification-program-for-officials/roster-of-certified-officials/name/gixx-her/
Gnocken,https://resources.wftda.org/officiating/roller-derby-certification-program-for-officials/roster-of-certified-officials/name/gnocken/
GodMode,https://resources.wftda.org/officiating/roller-derby-certification-program-for-officials/roster-of-certified-officials/name/godmode/
Goldie Gloves,https://resources.wftda.org/officiating/roller-derby-certification-program-for-officials/roster-of-certified-officials/name/goldie-gloves/
Graffy,https://resources.wftda.org/officiating/roller-derby-certification-program-for-officials/roster-of-certified-officials/name/graffy/
Hang 11,https://resources.wftda.org/officiating/roller-derby-certification-program-for-officials/roster-of-certified-officials/name/hang-11/
Hannah,https://resources.wftda.org/officiating/roller-derby-certification-program-for-officials/roster-of-certified-officials/name/hannah/
HardAce,https://resources.wftda.org/officiating/roller-derby-certification-program-for-officials/roster-of-certified-officials/name/hardace/
Harm Solo,https://resources.wftda.org/officiating/roller-derby-certification-program-for-officials/roster-of-certified-officials/name/harm-solo/
Harm-N-Killa-Brew,https://resources.wftda.org/officiating/roller-derby-certification-program-for-officials/roster-of-certified-officials/name/harm-n-killa-brew/
Harry Pitfall,https://resources.wftda.org/officiating/roller-derby-certification-program-for-officials/roster-of-certified-officials/name/harry-pitfall/
Hawk,https://resources.wftda.org/officiating/roller-derby-certification-program-for-officials/roster-of-certified-officials/name/tomahawkins/
Haymaker,https://resources.wftda.org/officiating/roller-derby-certification-program-for-officials/roster-of-certified-officials/name/haymaker/
HD,https://resources.wftda.org/officiating/roller-derby-certification-program-for-officials/roster-of-certified-officials/name/hd/
Heads Will Roll,https://resources.wftda.org/officiating/roller-derby-certification-program-for-officials/roster-of-certified-officials/name/heads-will-roll/
Heather Whilden,https://resources.wftda.org/officiating/roller-derby-certification-program-for-officials/roster-of-certified-officials/name/heather-whilden/
Hoff N Roll,https://resources.wftda.org/officiating/roller-derby-certification-program-for-officials/roster-of-certified-officials/name/hoff-n-roll/
Holly,https://resources.wftda.org/officiating/roller-derby-certification-program-for-officials/roster-of-certified-officials/name/holly/
Holly Krampus,https://resources.wftda.org/officiating/roller-derby-certification-program-for-officials/roster-of-certified-officials/name/holly-krampus/
Homo You Didn’t,https://resources.wftda.org/officiating/roller-derby-certification-program-for-officials/roster-of-certified-officials/name/homo-you-didnt/
Hoodie,https://resources.wftda.org/officiating/roller-derby-certification-program-for-officials/roster-of-certified-officials/name/hoodie/
Hook,https://resources.wftda.org/officiating/roller-derby-certification-program-for-officials/roster-of-certified-officials/name/hook/
Iceman,https://resources.wftda.org/officiating/roller-derby-certification-program-for-officials/roster-of-certified-officials/name/iceman/
Identity Crisis,https://resources.wftda.org/officiating/roller-derby-certification-program-for-officials/roster-of-certified-officials/name/identity-crisis/
Interrobang Yerdehd,https://resources.wftda.org/officiating/roller-derby-certification-program-for-officials/roster-of-certified-officials/name/interrobang-yerdehd/
Invader Sin,https://resources.wftda.org/officiating/roller-derby-certification-program-for-officials/roster-of-certified-officials/name/invader-sin/
Izzy Boardem,https://resources.wftda.org/officiating/roller-derby-certification-program-for-officials/roster-of-certified-officials/name/izzy-boardem/
Izzy Demented,https://resources.wftda.org/officiating/roller-derby-certification-program-for-officials/roster-of-certified-officials/name/izzy-demented/
Jacque Strappe,https://resources.wftda.org/officiating/roller-derby-certification-program-for-officials/roster-of-certified-officials/name/jacque-strappe/
James Bondage,https://resources.wftda.org/officiating/roller-derby-certification-program-for-officials/roster-of-certified-officials/name/james-bondage/
James Peplow,https://resources.wftda.org/officiating/roller-derby-certification-program-for-officials/roster-of-certified-officials/name/james-peplow/
Jay Hole,https://resources.wftda.org/officiating/roller-derby-certification-program-for-officials/roster-of-certified-officials/name/jay-hole/
Jay Stark,https://resources.wftda.org/officiating/roller-derby-certification-program-for-officials/roster-of-certified-officials/name/jay-stark/
Jean Quad Grand Slam,https://resources.wftda.org/officiating/roller-derby-certification-program-for-officials/roster-of-certified-officials/name/jean-quad-grand-slam/
Jean-Philippe Amann,https://resources.wftda.org/officiating/roller-derby-certification-program-for-officials/roster-of-certified-officials/name/jean-philippe-amann/
Jeff,https://resources.wftda.org/officiating/roller-derby-certification-program-for-officials/roster-of-certified-officials/name/jeff-1/
Jefftimus,https://resources.wftda.org/officiating/roller-derby-certification-program-for-officials/roster-of-certified-officials/name/jefftimus/
Jekyll & Sides,https://resources.wftda.org/officiating/roller-derby-certification-program-for-officials/roster-of-certified-officials/name/jekyll-sides/
Jeneral Pain,https://resources.wftda.org/officiating/roller-derby-certification-program-for-officials/roster-of-certified-officials/name/jeneral-pain/
Jenn U. Whine,https://resources.wftda.org/officiating/roller-derby-certification-program-for-officials/roster-of-certified-officials/name/jenn-u-whine/
Jenn-I-Fear,https://resources.wftda.org/officiating/roller-derby-certification-program-for-officials/roster-of-certified-officials/name/jenn-i-fear/
Jens Hötger,https://resources.wftda.org/officiating/roller-derby-certification-program-for-officials/roster-of-certified-officials/name/jens-hotger-formerly-chefxecutioner/
Jerry@Rick,https://resources.wftda.org/officiating/roller-derby-certification-program-for-officials/roster-of-certified-officials/name/jerryrick/
Jesse Jackass,https://resources.wftda.org/officiating/roller-derby-certification-program-for-officials/roster-of-certified-officials/name/jesse-jackass/
Jim Class Hero,https://resources.wftda.org/officiating/roller-derby-certification-program-for-officials/roster-of-certified-officials/name/jim-class-hero/
Joe Care,https://resources.wftda.org/officiating/roller-derby-certification-program-for-officials/roster-of-certified-officials/name/joe-care/
John Brawls,https://resources.wftda.org/officiating/roller-derby-certification-program-for-officials/roster-of-certified-officials/name/john-brawls/
John Lee Hook-her,https://resources.wftda.org/officiating/roller-derby-certification-program-for-officials/roster-of-certified-officials/name/john-lee-hook-her/
Jonny Demonic,https://resources.wftda.org/officiating/roller-derby-certification-program-for-officials/roster-of-certified-officials/name/jonny-demonic/
Jose CanSkateO,https://resources.wftda.org/officiating/roller-derby-certification-program-for-officials/roster-of-certified-officials/name/jose-canskateo/
Joss Bleedin’,https://resources.wftda.org/officiating/roller-derby-certification-program-for-officials/roster-of-certified-officials/name/joss-bleedin/
Judge Booty,https://resources.wftda.org/officiating/roller-derby-certification-program-for-officials/roster-of-certified-officials/name/judge-booty/
Judge Double Wapner,https://resources.wftda.org/officiating/roller-derby-certification-program-for-officials/roster-of-certified-officials/name/judge-double-wapner/
Judy K8tor,https://resources.wftda.org/officiating/roller-derby-certification-program-for-officials/roster-of-certified-officials/name/judy-k8tor/
Julius Freezer,https://resources.wftda.org/officiating/roller-derby-certification-program-for-officials/roster-of-certified-officials/name/julius-freezer/
Julius SeesYa,https://resources.wftda.org/officiating/roller-derby-certification-program-for-officials/roster-of-certified-officials/name/julius-seesya/
Jurassic Snark,https://resources.wftda.org/officiating/roller-derby-certification-program-for-officials/roster-of-certified-officials/name/jurassic-snark-1/
Jurassic Snark,https://resources.wftda.org/officiating/roller-derby-certification-program-for-officials/roster-of-certified-officials/name/jurassic-snark-2/
Just A Maniac,https://resources.wftda.org/officiating/roller-derby-certification-program-for-officials/roster-of-certified-officials/name/just-a-maniac/
Just Eric,https://resources.wftda.org/officiating/roller-derby-certification-program-for-officials/roster-of-certified-officials/name/just-eric/
Just Mo,https://resources.wftda.org/officiating/roller-derby-certification-program-for-officials/roster-of-certified-officials/name/just-mo/
K-T Boundary,https://resources.wftda.org/officiating/roller-derby-certification-program-for-officials/roster-of-certified-officials/name/d-molly-schur-1/
K-T Massacre,https://resources.wftda.org/officiating/roller-derby-certification-program-for-officials/roster-of-certified-officials/name/k-t-massacre/
Kaiser Gueuze,https://resources.wftda.org/officiating/roller-derby-certification-program-for-officials/roster-of-certified-officials/name/kaiser-gueuze/
KaosBob,https://resources.wftda.org/officiating/roller-derby-certification-program-for-officials/roster-of-certified-officials/name/kaosbob/
Karma Suture,https://resources.wftda.org/officiating/roller-derby-certification-program-for-officials/roster-of-certified-officials/name/karma-suture/
Kat A Killzem,https://resources.wftda.org/officiating/roller-derby-certification-program-for-officials/roster-of-certified-officials/name/kat-a-killzem/
Kathy Beattie /Yogi,https://resources.wftda.org/officiating/roller-derby-certification-program-for-officials/roster-of-certified-officials/name/kathy-beattie-yogi/
Katie-astrophe,https://resources.wftda.org/officiating/roller-derby-certification-program-for-officials/roster-of-certified-officials/name/katie-astrophe/
Kermit the Grog,https://resources.wftda.org/officiating/roller-derby-certification-program-for-officials/roster-of-certified-officials/name/kermit-the-grog/
Kill C Grammar,https://resources.wftda.org/officiating/roller-derby-certification-program-for-officials/roster-of-certified-officials/name/kill-c-grammar/
Killa Kee,https://resources.wftda.org/officiating/roller-derby-certification-program-for-officials/roster-of-certified-officials/name/killa-kee/
Killer Bite,https://resources.wftda.org/officiating/roller-derby-certification-program-for-officials/roster-of-certified-officials/name/killer-bite/
Kilt Trip,https://resources.wftda.org/officiating/roller-derby-certification-program-for-officials/roster-of-certified-officials/name/kilt-trip/
Kilt’d Thunder,https://resources.wftda.org/officiating/roller-derby-certification-program-for-officials/roster-of-certified-officials/name/kiltd-thunder/
Kira Duncan,https://resources.wftda.org/officiating/roller-derby-certification-program-for-officials/roster-of-certified-officials/name/keiran-duncan/
Kirahvi,https://resources.wftda.org/officiating/roller-derby-certification-program-for-officials/roster-of-certified-officials/name/kirahvi/
Kitty Cthulhu,https://resources.wftda.org/officiating/roller-derby-certification-program-for-officials/roster-of-certified-officials/name/kitty-cthulhu/
Konstance Killjoy,https://resources.wftda.org/officiating/roller-derby-certification-program-for-officials/roster-of-certified-officials/name/konstance-killjoy/
Krystal Vice,https://resources.wftda.org/officiating/roller-derby-certification-program-for-officials/roster-of-certified-officials/name/krystal-vice/
Kurz So Good,https://resources.wftda.org/officiating/roller-derby-certification-program-for-officials/roster-of-certified-officials/name/kurz-so-good/
Laddie,https://resources.wftda.org/officiating/roller-derby-certification-program-for-officials/roster-of-certified-officials/name/laddie/
Landin Flat,https://resources.wftda.org/officiating/roller-derby-certification-program-for-officials/roster-of-certified-officials/name/landin-flat/
Leanne Maksylewich,https://resources.wftda.org/officiating/roller-derby-certification-program-for-officials/roster-of-certified-officials/name/leanne-maksylewich/
LegenDairy,https://resources.wftda.org/officiating/roller-derby-certification-program-for-officials/roster-of-certified-officials/name/legendairy/
Leo Slayer,https://resources.wftda.org/officiating/roller-derby-certification-program-for-officials/roster-of-certified-officials/name/leo-slayer/
Lezlie Nope,https://resources.wftda.org/officiating/roller-derby-certification-program-for-officials/roster-of-certified-officials/name/leslie-nope/
Lil Tex,https://resources.wftda.org/officiating/roller-derby-certification-program-for-officials/roster-of-certified-officials/name/lil-tex/
Lisa Kay,https://resources.wftda.org/officiating/roller-derby-certification-program-for-officials/roster-of-certified-officials/name/lisa-kay/
Lise,https://resources.wftda.org/officiating/roller-derby-certification-program-for-officials/roster-of-certified-officials/name/lise/
LLoud LLama,https://resources.wftda.org/officiating/roller-derby-certification-program-for-officials/roster-of-certified-officials/name/lloud-llama/
Loco MOtive,https://resources.wftda.org/officiating/roller-derby-certification-program-for-officials/roster-of-certified-officials/name/loco-motive/
Logan Nighthawk,https://resources.wftda.org/officiating/roller-derby-certification-program-for-officials/roster-of-certified-officials/name/logan-nighthawk/
Loren Order,https://resources.wftda.org/officiating/roller-derby-certification-program-for-officials/roster-of-certified-officials/name/loren-order/
Los Angry-Lez,https://resources.wftda.org/officiating/roller-derby-certification-program-for-officials/roster-of-certified-officials/name/los-angry-lez/
Lucas,https://resources.wftda.org/officiating/roller-derby-certification-program-for-officials/roster-of-certified-officials/name/lucas/
Lucky D. Irish,https://resources.wftda.org/officiating/roller-derby-certification-program-for-officials/roster-of-certified-officials/name/lucky-d-irish/
Luna Kissanen,https://resources.wftda.org/officiating/roller-derby-certification-program-for-officials/roster-of-certified-officials/name/luna-kissanen/
Luna Shovegood,https://resources.wftda.org/officiating/roller-derby-certification-program-for-officials/roster-of-certified-officials/name/luna-shovegood/
Mack,https://resources.wftda.org/officiating/roller-derby-certification-program-for-officials/roster-of-certified-officials/name/mack/
Mad Jack Churchkill,https://resources.wftda.org/officiating/roller-derby-certification-program-for-officials/roster-of-certified-officials/name/mad-jack-churchkill/
Major Buzzkill,https://resources.wftda.org/officiating/roller-derby-certification-program-for-officials/roster-of-certified-officials/name/major-buzzkill/
Major Mischief,https://resources.wftda.org/officiating/roller-derby-certification-program-for-officials/roster-of-certified-officials/name/major-mischief/
Major Pain,https://resources.wftda.org/officiating/roller-derby-certification-program-for-officials/roster-of-certified-officials/name/major-pain/
Major Wood,https://resources.wftda.org/officiating/roller-derby-certification-program-for-officials/roster-of-certified-officials/name/major-wood/
Makie Antoinette,https://resources.wftda.org/officiating/roller-derby-certification-program-for-officials/roster-of-certified-officials/name/makie-antoinette/
Mama Vader,https://resources.wftda.org/officiating/roller-derby-certification-program-for-officials/roster-of-certified-officials/name/mama-vader/
Manda Panda,https://resources.wftda.org/officiating/roller-derby-certification-program-for-officials/roster-of-certified-officials/name/manda-panda/
Manic deReffer Song,https://resources.wftda.org/officiating/roller-derby-certification-program-for-officials/roster-of-certified-officials/name/manic-dereffer-song/
Mansplainer Mac,https://resources.wftda.org/officiating/roller-derby-certification-program-for-officials/roster-of-certified-officials/name/mansplainer-mac/
Marahlin Manson,https://resources.wftda.org/officiating/roller-derby-certification-program-for-officials/roster-of-certified-officials/name/marahlin-manson/
Margie Ram,https://resources.wftda.org/officiating/roller-derby-certification-program-for-officials/roster-of-certified-officials/name/margie-ram/
Maria von Slapp,https://resources.wftda.org/officiating/roller-derby-certification-program-for-officials/roster-of-certified-officials/name/maria-von-slapp/
Marquis de Sadie,https://resources.wftda.org/officiating/roller-derby-certification-program-for-officials/roster-of-certified-officials/name/marquis-de-sadie/
Marriedjuana,https://resources.wftda.org/officiating/roller-derby-certification-program-for-officials/roster-of-certified-officials/name/marriedjuana/
Martin McFly,https://resources.wftda.org/officiating/roller-derby-certification-program-for-officials/roster-of-certified-officials/name/martin-mcfly/
Mary Strike,https://resources.wftda.org/officiating/roller-derby-certification-program-for-officials/roster-of-certified-officials/name/mary-strike/
Más Wild,https://resources.wftda.org/officiating/roller-derby-certification-program-for-officials/roster-of-certified-officials/name/mas-wild/
Mask Her Raid,https://resources.wftda.org/officiating/roller-derby-certification-program-for-officials/roster-of-certified-officials/name/mask-her-raid/
Mass,https://resources.wftda.org/officiating/roller-derby-certification-program-for-officials/roster-of-certified-officials/name/mass/
Master Smasher,https://resources.wftda.org/officiating/roller-derby-certification-program-for-officials/roster-of-certified-officials/name/master-smasher/
Matante,https://resources.wftda.org/officiating/roller-derby-certification-program-for-officials/roster-of-certified-officials/name/matante/
Matt Newton,https://resources.wftda.org/officiating/roller-derby-certification-program-for-officials/roster-of-certified-officials/name/matt-newton/
Matthew Mantsch,https://resources.wftda.org/officiating/roller-derby-certification-program-for-officials/roster-of-certified-officials/name/matthew-mantsch/
Maully Golightly,https://resources.wftda.org/officiating/roller-derby-certification-program-for-officials/roster-of-certified-officials/name/maully-golightly/
Maurine Filip,https://resources.wftda.org/officiating/roller-derby-certification-program-for-officials/roster-of-certified-officials/name/maurine-filip/
May the Force,https://resources.wftda.org/officiating/roller-derby-certification-program-for-officials/roster-of-certified-officials/name/may-the-force/
MC,https://resources.wftda.org/officiating/roller-derby-certification-program-for-officials/roster-of-certified-officials/name/mc-1/
MC Ninja,https://resources.wftda.org/officiating/roller-derby-certification-program-for-officials/roster-of-certified-officials/name/mc-ninja/
McClout,https://resources.wftda.org/officiating/roller-derby-certification-program-for-officials/roster-of-certified-officials/name/mcclout/
Medic Hate Her,https://resources.wftda.org/officiating/roller-derby-certification-program-for-officials/roster-of-certified-officials/name/medic-hate-her/
MegNitude,https://resources.wftda.org/officiating/roller-derby-certification-program-for-officials/roster-of-certified-officials/name/megnitude/
Mel O’Trauma,https://resources.wftda.org/officiating/roller-derby-certification-program-for-officials/roster-of-certified-officials/name/mel-otrauma/
Mercy B. Coup,https://resources.wftda.org/officiating/roller-derby-certification-program-for-officials/roster-of-certified-officials/name/mercy-b-coup/
Micro,https://resources.wftda.org/officiating/roller-derby-certification-program-for-officials/roster-of-certified-officials/name/micro/
Mighty Moose/Mark Galvez,https://resources.wftda.org/officiating/roller-derby-certification-program-for-officials/roster-of-certified-officials/name/mighty-moose-mark-galvez/
Mike Sumnoyz,https://resources.wftda.org/officiating/roller-derby-certification-program-for-officials/roster-of-certified-officials/name/mike-sumnoyz/
MikeGyver,https://resources.wftda.org/officiating/roller-derby-certification-program-for-officials/roster-of-certified-officials/name/mikegyver/
Miss Chainsaw,https://resources.wftda.org/officiating/roller-derby-certification-program-for-officials/roster-of-certified-officials/name/miss-chainsaw/
Miss Diagnosis,https://resources.wftda.org/officiating/roller-derby-certification-program-for-officials/roster-of-certified-officials/name/miss-diagnosis/
Miss Overwatch,https://resources.wftda.org/officiating/roller-derby-certification-program-for-officials/roster-of-certified-officials/name/miss-overwatch/
Mistress Grim,https://resources.wftda.org/officiating/roller-derby-certification-program-for-officials/roster-of-certified-officials/name/mistress-grim/
Moflete,https://resources.wftda.org/officiating/roller-derby-certification-program-for-officials/roster-of-certified-officials/name/moflete/
Mojo Jojo,https://resources.wftda.org/officiating/roller-derby-certification-program-for-officials/roster-of-certified-officials/name/mojo-jojo/
Molly Whoremon,https://resources.wftda.org/officiating/roller-derby-certification-program-for-officials/roster-of-certified-officials/name/molly-whoremon/
Momster Mash,https://resources.wftda.org/officiating/roller-derby-certification-program-for-officials/roster-of-certified-officials/name/momster-mash/
Montana Maulher,https://resources.wftda.org/officiating/roller-derby-certification-program-for-officials/roster-of-certified-officials/name/montana-maulher/
Mortricia,https://resources.wftda.org/officiating/roller-derby-certification-program-for-officials/roster-of-certified-officials/name/mortricia/
Moschops,https://resources.wftda.org/officiating/roller-derby-certification-program-for-officials/roster-of-certified-officials/name/moschops/
Mother Flippin Artist,https://resources.wftda.org/officiating/roller-derby-certification-program-for-officials/roster-of-certified-officials/name/mother-flippin-artist/
Mr Danger,https://resources.wftda.org/officiating/roller-derby-certification-program-for-officials/roster-of-certified-officials/name/mr-danger/
Mr. Beerd,https://resources.wftda.org/officiating/roller-derby-certification-program-for-officials/roster-of-certified-officials/name/mr-beerd/
Mr. Bruise Guy,https://resources.wftda.org/officiating/roller-derby-certification-program-for-officials/roster-of-certified-officials/name/mr-bruise-guy/
Mr. Nitro,https://resources.wftda.org/officiating/roller-derby-certification-program-for-officials/roster-of-certified-officials/name/mr-nitro/
Mrs.Rage,https://resources.wftda.org/officiating/roller-derby-certification-program-for-officials/roster-of-certified-officials/name/mrs-rage/
MyNameisJeph,https://resources.wftda.org/officiating/roller-derby-certification-program-for-officials/roster-of-certified-officials/name/mynameisjeph/
Mystr Fox,https://resources.wftda.org/officiating/roller-derby-certification-program-for-officials/roster-of-certified-officials/name/mystr-fox/
Nama-Slay,https://resources.wftda.org/officiating/roller-derby-certification-program-for-officials/roster-of-certified-officials/name/nama-slay/
Nancy ScareAgain,https://resources.wftda.org/officiating/roller-derby-certification-program-for-officials/roster-of-certified-officials/name/nancy-scareagain/
Nerd Herder,https://resources.wftda.org/officiating/roller-derby-certification-program-for-officials/roster-of-certified-officials/name/nerd-herder/
Nerdy,https://resources.wftda.org/officiating/roller-derby-certification-program-for-officials/roster-of-certified-officials/name/nerdy/
Nice Guy Eddie,https://resources.wftda.org/officiating/roller-derby-certification-program-for-officials/roster-of-certified-officials/name/nice-guy-eddie/
Nick Tater,https://resources.wftda.org/officiating/roller-derby-certification-program-for-officials/roster-of-certified-officials/name/nick-tater/
NickerBocker,https://resources.wftda.org/officiating/roller-derby-certification-program-for-officials/roster-of-certified-officials/name/nickerbocker/
Nicola’s Rage,https://resources.wftda.org/officiating/roller-derby-certification-program-for-officials/roster-of-certified-officials/name/nicolas-rage/
Nine Inch Wheels,https://resources.wftda.org/officiating/roller-derby-certification-program-for-officials/roster-of-certified-officials/name/nine-inch-wheels/
Ninja Sassem,https://resources.wftda.org/officiating/roller-derby-certification-program-for-officials/roster-of-certified-officials/name/ninja-sassem/
Nitro Glitterin,https://resources.wftda.org/officiating/roller-derby-certification-program-for-officials/roster-of-certified-officials/name/nitro-glitterin/
No Bias Tobias / Elaine Tobias,https://resources.wftda.org/officiating/roller-derby-certification-program-for-officials/roster-of-certified-officials/name/no-bias-tobias-elaine-tobias/
Noah Fallon,https://resources.wftda.org/officiating/roller-derby-certification-program-for-officials/roster-of-certified-officials/name/noah-fallon/
NoPants No Penalty,https://resources.wftda.org/officiating/roller-derby-certification-program-for-officials/roster-of-certified-officials/name/nopants-no-penalty/
NOVA,https://resources.wftda.org/officiating/roller-derby-certification-program-for-officials/roster-of-certified-officials/name/nova/
NSOferatu,https://resources.wftda.org/officiating/roller-derby-certification-program-for-officials/roster-of-certified-officials/name/nsoferatu/
Nurse Baumwollen,https://resources.wftda.org/officiating/roller-derby-certification-program-for-officials/roster-of-certified-officials/name/nurse-baumwollen/
Nuts,https://resources.wftda.org/officiating/roller-derby-certification-program-for-officials/roster-of-certified-officials/name/kate-montague-hellen/
O. Miaz,https://resources.wftda.org/officiating/roller-derby-certification-program-for-officials/roster-of-certified-officials/name/o-miaz/
O. Yoshi Dint,https://resources.wftda.org/officiating/roller-derby-certification-program-for-officials/roster-of-certified-officials/name/o-yoshi-dint/
O.C.Dee,https://resources.wftda.org/officiating/roller-derby-certification-program-for-officials/roster-of-certified-officials/name/o-c-dee/
Obey Jan Kenobi,https://resources.wftda.org/officiating/roller-derby-certification-program-for-officials/roster-of-certified-officials/name/obey-jan-kenobi/
Officially Mel,https://resources.wftda.org/officiating/roller-derby-certification-program-for-officials/roster-of-certified-officials/name/officially-mel/
Oi You,https://resources.wftda.org/officiating/roller-derby-certification-program-for-officials/roster-of-certified-officials/name/oi-you/
Oryx N Break,https://resources.wftda.org/officiating/roller-derby-certification-program-for-officials/roster-of-certified-officials/name/oryx-n-break/
PackMan,https://resources.wftda.org/officiating/roller-derby-certification-program-for-officials/roster-of-certified-officials/name/packman/
Pamtera,https://resources.wftda.org/officiating/roller-derby-certification-program-for-officials/roster-of-certified-officials/name/pamtera/
Panic! @ the Lolo,https://resources.wftda.org/officiating/roller-derby-certification-program-for-officials/roster-of-certified-officials/name/panic-the-lolo/
Parking Lot,https://resources.wftda.org/officiating/roller-derby-certification-program-for-officials/roster-of-certified-officials/name/parking-lot/
Party CrasHer,https://resources.wftda.org/officiating/roller-derby-certification-program-for-officials/roster-of-certified-officials/name/party-crasher/
Pat Sweeney,https://resources.wftda.org/officiating/roller-derby-certification-program-for-officials/roster-of-certified-officials/name/pat-sweeney/
Patricide,https://resources.wftda.org/officiating/roller-derby-certification-program-for-officials/roster-of-certified-officials/name/patricide/
Pauly Bear,https://resources.wftda.org/officiating/roller-derby-certification-program-for-officials/roster-of-certified-officials/name/pauly-bear/
PaxHere,https://resources.wftda.org/officiating/roller-derby-certification-program-for-officials/roster-of-certified-officials/name/paxhere/
Peat Smoke,https://resources.wftda.org/officiating/roller-derby-certification-program-for-officials/roster-of-certified-officials/name/peat-smoke/
peeka,https://resources.wftda.org/officiating/roller-derby-certification-program-for-officials/roster-of-certified-officials/name/peeka/
PeeWee,https://resources.wftda.org/officiating/roller-derby-certification-program-for-officials/roster-of-certified-officials/name/peewee/
Penny Whistler,https://resources.wftda.org/officiating/roller-derby-certification-program-for-officials/roster-of-certified-officials/name/penny-whistler/
Peter ParkHer,https://resources.wftda.org/officiating/roller-derby-certification-program-for-officials/roster-of-certified-officials/name/peter-parkher/
Peterson,https://resources.wftda.org/officiating/roller-derby-certification-program-for-officials/roster-of-certified-officials/name/peterson/
Phil Doe,https://resources.wftda.org/officiating/roller-derby-certification-program-for-officials/roster-of-certified-officials/name/phil-doe/
Phil Hollywood,https://resources.wftda.org/officiating/roller-derby-certification-program-for-officials/roster-of-certified-officials/name/phil-wood/
Pi-Radical,https://resources.wftda.org/officiating/roller-derby-certification-program-for-officials/roster-of-certified-officials/name/pi-radical/
Pillsbury Rollboy,https://resources.wftda.org/officiating/roller-derby-certification-program-for-officials/roster-of-certified-officials/name/pillsbury-rollboy/
Pinky & the Brawn,https://resources.wftda.org/officiating/roller-derby-certification-program-for-officials/roster-of-certified-officials/name/pinky-the-brawn/
Po Dunk,https://resources.wftda.org/officiating/roller-derby-certification-program-for-officials/roster-of-certified-officials/name/po-dunk/
Poil d’amour,https://resources.wftda.org/officiating/roller-derby-certification-program-for-officials/roster-of-certified-officials/name/poil-damour/
PokerFace,https://resources.wftda.org/officiating/roller-derby-certification-program-for-officials/roster-of-certified-officials/name/pokerface/
Pol E Dangerous,https://resources.wftda.org/officiating/roller-derby-certification-program-for-officials/roster-of-certified-officials/name/pol-e-dangerous/
Polly,https://resources.wftda.org/officiating/roller-derby-certification-program-for-officials/roster-of-certified-officials/name/polly/
Pomme de Terror,https://resources.wftda.org/officiating/roller-derby-certification-program-for-officials/roster-of-certified-officials/name/fly-by-night-fury/
Pretty Miffed,https://resources.wftda.org/officiating/roller-derby-certification-program-for-officials/roster-of-certified-officials/name/pretty-miffed/
Primavera 73,https://resources.wftda.org/officiating/roller-derby-certification-program-for-officials/roster-of-certified-officials/name/primavera-73/
ProseHack,https://resources.wftda.org/officiating/roller-derby-certification-program-for-officials/roster-of-certified-officials/name/prosehack/
Puppy Shredder,https://resources.wftda.org/officiating/roller-derby-certification-program-for-officials/roster-of-certified-officials/name/puppy-shredder/
Pure Head Damage,https://resources.wftda.org/officiating/roller-derby-certification-program-for-officials/roster-of-certified-officials/name/pure-head-damage/
Pussy Panzerfaust,https://resources.wftda.org/officiating/roller-derby-certification-program-for-officials/roster-of-certified-officials/name/pussy-panzerfaust/
Pyro,https://resources.wftda.org/officiating/roller-derby-certification-program-for-officials/roster-of-certified-officials/name/pyro/
Pyry,https://resources.wftda.org/officiating/roller-derby-certification-program-for-officials/roster-of-certified-officials/name/pyry/
Quad’s Law,https://resources.wftda.org/officiating/roller-derby-certification-program-for-officials/roster-of-certified-officials/name/quads-law/
Quagga,https://resources.wftda.org/officiating/roller-derby-certification-program-for-officials/roster-of-certified-officials/name/quagga/
Queen of Katitude,https://resources.wftda.org/officiating/roller-derby-certification-program-for-officials/roster-of-certified-officials/name/queen-of-katitude/
Queenie,https://resources.wftda.org/officiating/roller-derby-certification-program-for-officials/roster-of-certified-officials/name/queen-kicktoria/
Quick Grayson,https://resources.wftda.org/officiating/roller-derby-certification-program-for-officials/roster-of-certified-officials/name/quick-grayson/
Quiver,https://resources.wftda.org/officiating/roller-derby-certification-program-for-officials/roster-of-certified-officials/name/quiver/
Rabid Derby Fan,https://resources.wftda.org/officiating/roller-derby-certification-program-for-officials/roster-of-certified-officials/name/rabid-derby-fan/
Ragna Rock,https://resources.wftda.org/officiating/roller-derby-certification-program-for-officials/roster-of-certified-officials/name/ragna-rock/
RawShark,https://resources.wftda.org/officiating/roller-derby-certification-program-for-officials/roster-of-certified-officials/name/rawshark/
Razor,https://resources.wftda.org/officiating/roller-derby-certification-program-for-officials/roster-of-certified-officials/name/razor/
Rebeka Harrison,https://resources.wftda.org/officiating/roller-derby-certification-program-for-officials/roster-of-certified-officials/name/bek-n-call/
Red Miles,https://resources.wftda.org/officiating/roller-derby-certification-program-for-officials/roster-of-certified-officials/name/red-miles/
Redrum,https://resources.wftda.org/officiating/roller-derby-certification-program-for-officials/roster-of-certified-officials/name/redrum/
Reed Baker,https://resources.wftda.org/officiating/roller-derby-certification-program-for-officials/roster-of-certified-officials/name/reed-baker/
Reed d’Rulz,https://resources.wftda.org/officiating/roller-derby-certification-program-for-officials/roster-of-certified-officials/name/reed-drulz/
Ref Bader Ginsburg,https://resources.wftda.org/officiating/roller-derby-certification-program-for-officials/roster-of-certified-officials/name/ref-bader-ginsburg/
Ref Leppard,https://resources.wftda.org/officiating/roller-derby-certification-program-for-officials/roster-of-certified-officials/name/ref-leppard/
Ref Marisa,https://resources.wftda.org/officiating/roller-derby-certification-program-for-officials/roster-of-certified-officials/name/ref-marisa/
Ref Sin Style,https://resources.wftda.org/officiating/roller-derby-certification-program-for-officials/roster-of-certified-officials/name/ref-sin-style/
REFlex,https://resources.wftda.org/officiating/roller-derby-certification-program-for-officials/roster-of-certified-officials/name/reflex/
Refresh,https://resources.wftda.org/officiating/roller-derby-certification-program-for-officials/roster-of-certified-officials/name/refresh/
Refty Venture,https://resources.wftda.org/officiating/roller-derby-certification-program-for-officials/roster-of-certified-officials/name/refty-venture/
Registered Curse,https://resources.wftda.org/officiating/roller-derby-certification-program-for-officials/roster-of-certified-officials/name/registered-curse/
Resting Ref Face,https://resources.wftda.org/officiating/roller-derby-certification-program-for-officials/roster-of-certified-officials/name/resting-ref-face/
Restless Bitchface,https://resources.wftda.org/officiating/roller-derby-certification-program-for-officials/roster-of-certified-officials/name/restless-bitchface/
Rhodes Warrior,https://resources.wftda.org/officiating/roller-derby-certification-program-for-officials/roster-of-certified-officials/name/rhodes-warrior/
Ria Culpa,https://resources.wftda.org/officiating/roller-derby-certification-program-for-officials/roster-of-certified-officials/name/ria-culpa/
Richard Cranium,https://resources.wftda.org/officiating/roller-derby-certification-program-for-officials/roster-of-certified-officials/name/richard-cranium/
Ricochet,https://resources.wftda.org/officiating/roller-derby-certification-program-for-officials/roster-of-certified-officials/name/ricochet/
Righteous Oxide,https://resources.wftda.org/officiating/roller-derby-certification-program-for-officials/roster-of-certified-officials/name/righteous-oxide/
Rob Anybody,https://resources.wftda.org/officiating/roller-derby-certification-program-for-officials/roster-of-certified-officials/name/rob-anybody/
Rob U Blind,https://resources.wftda.org/officiating/roller-derby-certification-program-for-officials/roster-of-certified-officials/name/rob-u-blind/
Robin U Blind,https://resources.wftda.org/officiating/roller-derby-certification-program-for-officials/roster-of-certified-officials/name/robin-u-blind/
rockstar,https://resources.wftda.org/officiating/roller-derby-certification-program-for-officials/roster-of-certified-officials/name/rockstar/
Roger,https://resources.wftda.org/officiating/roller-derby-certification-program-for-officials/roster-of-certified-officials/name/roger-1/
Roger JamJet,https://resources.wftda.org/officiating/roller-derby-certification-program-for-officials/roster-of-certified-officials/name/roger-jamjet/
Rollin’ Rat,https://resources.wftda.org/officiating/roller-derby-certification-program-for-officials/roster-of-certified-officials/name/rollin-rat/
Ruby Soho,https://resources.wftda.org/officiating/roller-derby-certification-program-for-officials/roster-of-certified-officials/name/ruby-soho/
Ruff Draft,https://resources.wftda.org/officiating/roller-derby-certification-program-for-officials/roster-of-certified-officials/name/ruff-draft/
SarChasm,https://resources.wftda.org/officiating/roller-derby-certification-program-for-officials/roster-of-certified-officials/name/sarchasm/
Sassenick,https://resources.wftda.org/officiating/roller-derby-certification-program-for-officials/roster-of-certified-officials/name/sassenick/
Scar-Leg O’Hara,https://resources.wftda.org/officiating/roller-derby-certification-program-for-officials/roster-of-certified-officials/name/scar-leg-ohara/
Schön Li,https://resources.wftda.org/officiating/roller-derby-certification-program-for-officials/roster-of-certified-officials/name/schon-li/
Scissor Switch,https://resources.wftda.org/officiating/roller-derby-certification-program-for-officials/roster-of-certified-officials/name/scissor-switch/
Scooby Don’t,https://resources.wftda.org/officiating/roller-derby-certification-program-for-officials/roster-of-certified-officials/name/scooby-dont/
Scooby Drew,https://resources.wftda.org/officiating/roller-derby-certification-program-for-officials/roster-of-certified-officials/name/scooby-drew/
Scotchy Scotch Scott,https://resources.wftda.org/officiating/roller-derby-certification-program-for-officials/roster-of-certified-officials/name/scotchy-scotch-scott/
ScrewLucy,https://resources.wftda.org/officiating/roller-derby-certification-program-for-officials/roster-of-certified-officials/name/screwlucy/
Seath Lord,https://resources.wftda.org/officiating/roller-derby-certification-program-for-officials/roster-of-certified-officials/name/seath-lord/
Sector,https://resources.wftda.org/officiating/roller-derby-certification-program-for-officials/roster-of-certified-officials/name/florencia-sector/
Seer,https://resources.wftda.org/officiating/roller-derby-certification-program-for-officials/roster-of-certified-officials/name/seer/
Sephiref,https://resources.wftda.org/officiating/roller-derby-certification-program-for-officials/roster-of-certified-officials/name/sephiref/
SERESATAKA,https://resources.wftda.org/officiating/roller-derby-certification-program-for-officials/roster-of-certified-officials/name/seresataka/
Sgt. Bernice,https://resources.wftda.org/officiating/roller-derby-certification-program-for-officials/roster-of-certified-officials/name/sgt-bernice/
Shanksy,https://resources.wftda.org/officiating/roller-derby-certification-program-for-officials/roster-of-certified-officials/name/shanksy/
Shebra,https://resources.wftda.org/officiating/roller-derby-certification-program-for-officials/roster-of-certified-officials/name/shebra/
Sheik Herbouti,https://resources.wftda.org/officiating/roller-derby-certification-program-for-officials/roster-of-certified-officials/name/sheik-herbouti/
Shell Shocked,https://resources.wftda.org/officiating/roller-derby-certification-program-for-officials/roster-of-certified-officials/name/shell-shocked/
sHellcat,https://resources.wftda.org/officiating/roller-derby-certification-program-for-officials/roster-of-certified-officials/name/shellcat/
Sherrie Bobbins,https://resources.wftda.org/officiating/roller-derby-certification-program-for-officials/roster-of-certified-officials/name/sherrie-bobbins/
Sho’Nuff,https://resources.wftda.org/officiating/roller-derby-certification-program-for-officials/roster-of-certified-officials/name/shonuff/
Shref,https://resources.wftda.org/officiating/roller-derby-certification-program-for-officials/roster-of-certified-officials/name/shref/
Si-Borg,https://resources.wftda.org/officiating/roller-derby-certification-program-for-officials/roster-of-certified-officials/name/si-borg/
Silken Tofu,https://resources.wftda.org/officiating/roller-derby-certification-program-for-officials/roster-of-certified-officials/name/silken-tofu/
Siouxsie Suplex,https://resources.wftda.org/officiating/roller-derby-certification-program-for-officials/roster-of-certified-officials/name/siouxsie-suplex/
Siryn,https://resources.wftda.org/officiating/roller-derby-certification-program-for-officials/roster-of-certified-officials/name/siryn/
Sister Violence,https://resources.wftda.org/officiating/roller-derby-certification-program-for-officials/roster-of-certified-officials/name/sister-violence/
Skathing Grace,https://resources.wftda.org/officiating/roller-derby-certification-program-for-officials/roster-of-certified-officials/name/skathing-grace/
Skruff McDuff,https://resources.wftda.org/officiating/roller-derby-certification-program-for-officials/roster-of-certified-officials/name/skruff-mcduff/
Sláine,https://resources.wftda.org/officiating/roller-derby-certification-program-for-officials/roster-of-certified-officials/name/slaine/
Slamorous,https://resources.wftda.org/officiating/roller-derby-certification-program-for-officials/roster-of-certified-officials/name/slamorous/
SlamStorm,https://resources.wftda.org/officiating/roller-derby-certification-program-for-officials/roster-of-certified-officials/name/slamstorm/
Slutty Hearse,https://resources.wftda.org/officiating/roller-derby-certification-program-for-officials/roster-of-certified-officials/name/slutty-hearse/
Snarkimedes,https://resources.wftda.org/officiating/roller-derby-certification-program-for-officials/roster-of-certified-officials/name/snarkimedes/
sNo,https://resources.wftda.org/officiating/roller-derby-certification-program-for-officials/roster-of-certified-officials/name/sno/
Snow Mercy,https://resources.wftda.org/officiating/roller-derby-certification-program-for-officials/roster-of-certified-officials/name/snow-mercy/
Sod Off,https://resources.wftda.org/officiating/roller-derby-certification-program-for-officials/roster-of-certified-officials/name/sod-off/
Son of Slam,https://resources.wftda.org/officiating/roller-derby-certification-program-for-officials/roster-of-certified-officials/name/son-of-slam/
Sparkles,https://resources.wftda.org/officiating/roller-derby-certification-program-for-officials/roster-of-certified-officials/name/sparkles/
Sparks Mae Fly,https://resources.wftda.org/officiating/roller-derby-certification-program-for-officials/roster-of-certified-officials/name/sparks-mae-fly/
Spicy Boy,https://resources.wftda.org/officiating/roller-derby-certification-program-for-officials/roster-of-certified-officials/name/spicy-boy/
SquiD,https://resources.wftda.org/officiating/roller-derby-certification-program-for-officials/roster-of-certified-officials/name/squid/
Squid Vicious,https://resources.wftda.org/officiating/roller-derby-certification-program-for-officials/roster-of-certified-officials/name/squid-vicious/
Stabby McNeedles,https://resources.wftda.org/officiating/roller-derby-certification-program-for-officials/roster-of-certified-officials/name/stabby-mcneedles/
Star Stache,https://resources.wftda.org/officiating/roller-derby-certification-program-for-officials/roster-of-certified-officials/name/star-stache/
Statisfaction,https://resources.wftda.org/officiating/roller-derby-certification-program-for-officials/roster-of-certified-officials/name/statisfaction/
Stella by Starlight,https://resources.wftda.org/officiating/roller-derby-certification-program-for-officials/roster-of-certified-officials/name/stella-by-starlight/
Stephen Black,https://resources.wftda.org/officiating/roller-derby-certification-program-for-officials/roster-of-certified-officials/name/stephen-black/
Stompus Maximus,https://resources.wftda.org/officiating/roller-derby-certification-program-for-officials/roster-of-certified-officials/name/stompus-maximus/
STOnasty,https://resources.wftda.org/officiating/roller-derby-certification-program-for-officials/roster-of-certified-officials/name/stonasty/
Stray Taco,https://resources.wftda.org/officiating/roller-derby-certification-program-for-officials/roster-of-certified-officials/name/stray-taco/
Strong Female Character,https://resources.wftda.org/officiating/roller-derby-certification-program-for-officials/roster-of-certified-officials/name/strong-female-character/
Sudo Stripes,https://resources.wftda.org/officiating/roller-derby-certification-program-for-officials/roster-of-certified-officials/name/sudo-stripes/
Sween Machine,https://resources.wftda.org/officiating/roller-derby-certification-program-for-officials/roster-of-certified-officials/name/sween-machine/
Sweet Justice,https://resources.wftda.org/officiating/roller-derby-certification-program-for-officials/roster-of-certified-officials/name/sweet-justice/
Switzerland,https://resources.wftda.org/officiating/roller-derby-certification-program-for-officials/roster-of-certified-officials/name/switzerland/
SynapZing,https://resources.wftda.org/officiating/roller-derby-certification-program-for-officials/roster-of-certified-officials/name/synapzing/
T-Reff,https://resources.wftda.org/officiating/roller-derby-certification-program-for-officials/roster-of-certified-officials/name/t-reff/
Taboma,https://resources.wftda.org/officiating/roller-derby-certification-program-for-officials/roster-of-certified-officials/name/taboma/
Talia Up,https://resources.wftda.org/officiating/roller-derby-certification-program-for-officials/roster-of-certified-officials/name/talia-up/
Tara Byte,https://resources.wftda.org/officiating/roller-derby-certification-program-for-officials/roster-of-certified-officials/name/tara-byte/
TaraO,https://resources.wftda.org/officiating/roller-derby-certification-program-for-officials/roster-of-certified-officials/name/tarao/
TBD,https://resources.wftda.org/officiating/roller-derby-certification-program-for-officials/roster-of-certified-officials/name/tbd/
Tear E Hatchet,https://resources.wftda.org/officiating/roller-derby-certification-program-for-officials/roster-of-certified-officials/name/tear-e-hatchet/
Temeraire,https://resources.wftda.org/officiating/roller-derby-certification-program-for-officials/roster-of-certified-officials/name/temeraire/
Tenacious D Cup,https://resources.wftda.org/officiating/roller-derby-certification-program-for-officials/roster-of-certified-officials/name/tenacious-d-cup/
Terrifying Skate Monkey,https://resources.wftda.org/officiating/roller-derby-certification-program-for-officials/roster-of-certified-officials/name/terrifying-skate-monkey/
Terror-dactyl,https://resources.wftda.org/officiating/roller-derby-certification-program-for-officials/roster-of-certified-officials/name/terror-dactyl/
Tha Doctah,https://resources.wftda.org/officiating/roller-derby-certification-program-for-officials/roster-of-certified-officials/name/tha-doctah/
The Administrator,https://resources.wftda.org/officiating/roller-derby-certification-program-for-officials/roster-of-certified-officials/name/the-administrator/
The Ant Sir,https://resources.wftda.org/officiating/roller-derby-certification-program-for-officials/roster-of-certified-officials/name/the-ant-sir/
The Dude,https://resources.wftda.org/officiating/roller-derby-certification-program-for-officials/roster-of-certified-officials/name/the-dude/
The Grim Rigger,https://resources.wftda.org/officiating/roller-derby-certification-program-for-officials/roster-of-certified-officials/name/the-grim-rigger/
The Hoarse Whistler,https://resources.wftda.org/officiating/roller-derby-certification-program-for-officials/roster-of-certified-officials/name/the-hoarse-whistler/
The Incredible Hans,https://resources.wftda.org/officiating/roller-derby-certification-program-for-officials/roster-of-certified-officials/name/the-incredible-hans/
The Kraken,https://resources.wftda.org/officiating/roller-derby-certification-program-for-officials/roster-of-certified-officials/name/the-kraken/
The Oddfather,https://resources.wftda.org/officiating/roller-derby-certification-program-for-officials/roster-of-certified-officials/name/the-oddfather/
The Spanish Inquisition,https://resources.wftda.org/officiating/roller-derby-certification-program-for-officials/roster-of-certified-officials/name/the-spanish-inquisition/
Thistle B. Painful,https://resources.wftda.org/officiating/roller-derby-certification-program-for-officials/roster-of-certified-officials/name/thistle-b-painful/
Thrust ‘N Soar,https://resources.wftda.org/officiating/roller-derby-certification-program-for-officials/roster-of-certified-officials/name/thrust-n-soar/
Tim the Ref,https://resources.wftda.org/officiating/roller-derby-certification-program-for-officials/roster-of-certified-officials/name/tim-the-ref/
Timothy T Justice,https://resources.wftda.org/officiating/roller-derby-certification-program-for-officials/roster-of-certified-officials/name/timothy-t-justice/
Tinker Ale,https://resources.wftda.org/officiating/roller-derby-certification-program-for-officials/roster-of-certified-officials/name/tinker-ale/
Tinker-Belt-her,https://resources.wftda.org/officiating/roller-derby-certification-program-for-officials/roster-of-certified-officials/name/tinker-belt-her/
Tiny Tearaway,https://resources.wftda.org/officiating/roller-derby-certification-program-for-officials/roster-of-certified-officials/name/tiny-tearaway/
Tipsy Moo,https://resources.wftda.org/officiating/roller-derby-certification-program-for-officials/roster-of-certified-officials/name/tipsy-moo/
Titty Titty Bang Bang,https://resources.wftda.org/officiating/roller-derby-certification-program-for-officials/roster-of-certified-officials/name/titty-titty-bang-bang/
Topper bottom,https://resources.wftda.org/officiating/roller-derby-certification-program-for-officials/roster-of-certified-officials/name/topper-bottom/
Torisaurus Wrex,https://resources.wftda.org/officiating/roller-derby-certification-program-for-officials/roster-of-certified-officials/name/torisaurus-wrex/
Tornado Allie,https://resources.wftda.org/officiating/roller-derby-certification-program-for-officials/roster-of-certified-officials/name/tornado-allie/
Torquemama,https://resources.wftda.org/officiating/roller-derby-certification-program-for-officials/roster-of-certified-officials/name/torquemama/
Towanda,https://resources.wftda.org/officiating/roller-derby-certification-program-for-officials/roster-of-certified-officials/name/towanda/
Toxic Marcotic,https://resources.wftda.org/officiating/roller-derby-certification-program-for-officials/roster-of-certified-officials/name/toxic-marcotic/
Trama Doll,https://resources.wftda.org/officiating/roller-derby-certification-program-for-officials/roster-of-certified-officials/name/trama-doll/
Trial & Terror,https://resources.wftda.org/officiating/roller-derby-certification-program-for-officials/roster-of-certified-officials/name/trial-terror/
Trogdora the Jaminator,https://resources.wftda.org/officiating/roller-derby-certification-program-for-officials/roster-of-certified-officials/name/trogdora-the-jaminator/
Tuck N Roll,https://resources.wftda.org/officiating/roller-derby-certification-program-for-officials/roster-of-certified-officials/name/tuck-n-roll/
Tumble Tina,https://resources.wftda.org/officiating/roller-derby-certification-program-for-officials/roster-of-certified-officials/name/tumble-tina/
Twixi,https://resources.wftda.org/officiating/roller-derby-certification-program-for-officials/roster-of-certified-officials/name/twixi/
Twixxi,https://resources.wftda.org/officiating/roller-derby-certification-program-for-officials/roster-of-certified-officials/name/twixxi/
Ty,https://resources.wftda.org/officiating/roller-derby-certification-program-for-officials/roster-of-certified-officials/name/ty/
UltraViolent Blu,https://resources.wftda.org/officiating/roller-derby-certification-program-for-officials/roster-of-certified-officials/name/ultraviolent-blu/
Umpire Strikes Back,https://resources.wftda.org/officiating/roller-derby-certification-program-for-officials/roster-of-certified-officials/name/umpire-strikes-back/
Valerito,https://resources.wftda.org/officiating/roller-derby-certification-program-for-officials/roster-of-certified-officials/name/valerito/
Vanilla VICE,https://resources.wftda.org/officiating/roller-derby-certification-program-for-officials/roster-of-certified-officials/name/vanilla-vice/
Vector,https://resources.wftda.org/officiating/roller-derby-certification-program-for-officials/roster-of-certified-officials/name/vector/
Veloskitty,https://resources.wftda.org/officiating/roller-derby-certification-program-for-officials/roster-of-certified-officials/name/veloskitty/
Verbal,https://resources.wftda.org/officiating/roller-derby-certification-program-for-officials/roster-of-certified-officials/name/verbal-assault/
Veruc Assault,https://resources.wftda.org/officiating/roller-derby-certification-program-for-officials/roster-of-certified-officials/name/veruc-assault/
Vic Vega,https://resources.wftda.org/officiating/roller-derby-certification-program-for-officials/roster-of-certified-officials/name/vic-vega/
Violet Felon,https://resources.wftda.org/officiating/roller-derby-certification-program-for-officials/roster-of-certified-officials/name/violet-felon/
W.B. Skeats,https://resources.wftda.org/officiating/roller-derby-certification-program-for-officials/roster-of-certified-officials/name/w-b-skeats/
War Kitten,https://resources.wftda.org/officiating/roller-derby-certification-program-for-officials/roster-of-certified-officials/name/war-kitten/
Warden Runa,https://resources.wftda.org/officiating/roller-derby-certification-program-for-officials/roster-of-certified-officials/name/warden-runa/
WarnHer,https://resources.wftda.org/officiating/roller-derby-certification-program-for-officials/roster-of-certified-officials/name/warnher/
Whack Job,https://resources.wftda.org/officiating/roller-derby-certification-program-for-officials/roster-of-certified-officials/name/whack-job/
Wheels Bohr,https://resources.wftda.org/officiating/roller-derby-certification-program-for-officials/roster-of-certified-officials/name/wheels-bohr/
Whiskey Ginger,https://resources.wftda.org/officiating/roller-derby-certification-program-for-officials/roster-of-certified-officials/name/whiskey-ginger/
Whiskey Throttle,https://resources.wftda.org/officiating/roller-derby-certification-program-for-officials/roster-of-certified-officials/name/whiskey-throttle/
Whistle,https://resources.wftda.org/officiating/roller-derby-certification-program-for-officials/roster-of-certified-officials/name/whistle/
Whistleblower,https://resources.wftda.org/officiating/roller-derby-certification-program-for-officials/roster-of-certified-officials/name/whistleblower/
Whistley,https://resources.wftda.org/officiating/roller-derby-certification-program-for-officials/roster-of-certified-officials/name/fred-whistley/
Wicked,https://resources.wftda.org/officiating/roller-derby-certification-program-for-officials/roster-of-certified-officials/name/wicked-1/
Wicked Lizard,https://resources.wftda.org/officiating/roller-derby-certification-program-for-officials/roster-of-certified-officials/name/wicked-lizard/
Wicked Piz-AAh,https://resources.wftda.org/officiating/roller-derby-certification-program-for-officials/roster-of-certified-officials/name/wicked-piz-aah/
Wicked Widget,https://resources.wftda.org/officiating/roller-derby-certification-program-for-officials/roster-of-certified-officials/name/wicked-widget/
Will Hutson,https://resources.wftda.org/officiating/roller-derby-certification-program-for-officials/roster-of-certified-officials/name/will-hutson/
Will Ryder,https://resources.wftda.org/officiating/roller-derby-certification-program-for-officials/roster-of-certified-officials/name/will-ryder/
William Moore,https://resources.wftda.org/officiating/roller-derby-certification-program-for-officials/roster-of-certified-officials/name/william-moore/
Wishbone Breaker,https://resources.wftda.org/officiating/roller-derby-certification-program-for-officials/roster-of-certified-officials/name/wishbone-breaker/
Wizard of Laws,https://resources.wftda.org/officiating/roller-derby-certification-program-for-officials/roster-of-certified-officials/name/wizard-of-laws/
Wonder Zebra,https://resources.wftda.org/officiating/roller-derby-certification-program-for-officials/roster-of-certified-officials/name/wonder-zebra/
Wreck Support,https://resources.wftda.org/officiating/roller-derby-certification-program-for-officials/roster-of-certified-officials/name/wreck-support/
Wreck Support,https://resources.wftda.org/officiating/roller-derby-certification-program-for-officials/roster-of-certified-officials/name/wreck-support-1/
Wreck-It Randa,https://resources.wftda.org/officiating/roller-derby-certification-program-for-officials/roster-of-certified-officials/name/wreck-it-randa/
Wreck-It Ref,https://resources.wftda.org/officiating/roller-derby-certification-program-for-officials/roster-of-certified-officials/name/wreck-it-ref/
Wrecking Crewe,https://resources.wftda.org/officiating/roller-derby-certification-program-for-officials/roster-of-certified-officials/name/wrecking-crewe/
Wreckordian,https://resources.wftda.org/officiating/roller-derby-certification-program-for-officials/roster-of-certified-officials/name/wreckordian/
Wyld Stallyn,https://resources.wftda.org/officiating/roller-derby-certification-program-for-officials/roster-of-certified-officials/name/wyld-stallyn/
Wyle-E,https://resources.wftda.org/officiating/roller-derby-certification-program-for-officials/roster-of-certified-officials/name/wyle-e/
X-ray Ted,https://resources.wftda.org/officiating/roller-derby-certification-program-for-officials/roster-of-certified-officials/name/x-ray-ted/
Xtra ChrisP,https://resources.wftda.org/officiating/roller-derby-certification-program-for-officials/roster-of-certified-officials/name/xtra-chrisp/
Yankee Rulz,https://resources.wftda.org/officiating/roller-derby-certification-program-for-officials/roster-of-certified-officials/name/yankee-rulz/
Yu Cypher,https://resources.wftda.org/officiating/roller-derby-certification-program-for-officials/roster-of-certified-officials/name/yu-cypher/
Yvel Saint Laurent,https://resources.wftda.org/officiating/roller-derby-certification-program-for-officials/roster-of-certified-officials/name/yvel-saint-laurent/
Zebra 3,https://resources.wftda.org/officiating/roller-derby-certification-program-for-officials/roster-of-certified-officials/name/zebra-3/
Zero,https://resources.wftda.org/officiating/roller-derby-certification-program-for-officials/roster-of-certified-officials/name/zero/
Zombie Dearest,https://resources.wftda.org/officiating/roller-derby-certification-program-for-officials/roster-of-certified-officials/name/zombie-dearest/
